BaseEnum,,NumberSeqModule
BaseEnum,,FormTextType
BaseEnum,,PrintMgmtDocumentType
Class,,CustAccountStatementExtContract
FormControl,ProjTable,Percent
FormControl,VendEditInvoice,groupVendorIdentification
FormControl,SRSPrintDestinationSettingsForm,TargetSpecificationGroup
FormControl,EcoResProductDetailsExtended,TabPageProject
FormControl,CustQuotationConfirmationJournal,SalesQuotationOriginalConfirmation
FormControl,SRSPrintDestinationSettingsForm,DetailsGroup
FormControl,CustQuotationConfirmationJournal,SalesQuotationCopyConfirmation
FormDataSources,ProjTransOnAcc,DataSources
FormDataSources,ProjTransItem,DataSources
FormDataSources,ProjTableCreate,DataSources
FormDataSources,LedgerJournalTable,DataSources
FormDataSources,HcmWorker,DataSources
FormDataSources,LedgerJournalTransCost,DataSources
FormDataSources,InventJournalProject,DataSources
FormDataSources,PurchTable,DataSources
FormDataSources,PurchReqTable,DataSources
FormDataSources,ProjTable,DataSources
FormDataSources,InventTransferOrders,DataSources
FormDataSources,InventTransferJour,DataSources
FormDataSources,AssetTable,DataSources
FormDataSources,ProjJournalTransEmpl,DataSources
FormDataSources,ProjPosting,DataSources
FormDataSources,ProjParameters,DataSources
FormDataSources,InventOnHandItemListPage,DataSources
FormDataSources,HcmPosition,DataSources
FormDataSources,ForecastSales,DataSources
FormDataSources,InventOnhandItem,DataSources
FormDataSources,InventJournalTable,DataSources
FormDataSources,SalesQuotationTable,DataSources
FormDataSources,SalesQuotationProjTable,DataSources
FormDataSources,HcmPositionDateManager,DataSources
FormDataSources,SalesTable,DataSources
FormDataSources,InventTransferParmShip,DataSources
FormMethod,CustQuotationConfirmationJournal,clicked
FormMethod,CustQuotationConfirmationJournal,clicked
FormMethod,LedgerJournalTable,initControls
FormMethod,HcmWorker,init
FormMethod,SysOperationTemplateForm,selectPrintDestination
FormMethod,PurchReqTable,setHeaderAccess
FormMethod,PurchReqTable,setFieldAccess
FormMethod,LedgerJournalTransCost,classDeclaration
FormMethod,InventJournalTable,classDeclaration
FormMethod,PurchTable,clicked
FormMethod,PurchTable,init
FormMethod,ProjTable,init
FormMethod,SRSPrintDestinationSettingsForm,init
FormMethod,ProjLinePropertySetup,updateNow
FormMethod,CustInvoicePrintJob,setUserPrinterSettingsFromDialog
FormMethod,SalesEditLines,run
FormMethod,SalesEditLines,init
FormMethod,InventQualityOrderTableCreate,canClose
FormMethod,SalesEditLines,closeOk
FormMethod,SalesEditLines,classDeclaration
FormMethod,ProjJournalTransEmpl,enableFieldsActive
FormMethod,LedgerTransVoucher,init
FormMethod,PurchEditLines,init
FormMethod,PurchEditLines,classDeclaration
FormMethod,HcmWorkerListPage,init
FormMethod,HcmWorkerListPage,classDeclaration
FormMethod,HcmPositionWorkerAssignmentDialog,classDeclaration
FormMethod,SRSPrintDestinationSettingsForm,closeOk
FormMethod,PurchReqTable,init
FormMethod,PurchEditLines,run
FormMethod,LedgerJournalTable,enableButtonsActive
FormMethod,HcmPositionWorkerAssignmentDialog,isValid
FormMethod,HcmPositionWorkerAssignmentDialog,init
InstanceClassMethod,AxDocuRef,parmInterCompanySkipUpdate
InstanceClassMethod,AxDocuRef,parmDocuTemplate
InstanceClassMethod,VendOutPaym_Cheque,callPrinterSettings
InstanceClassMethod,SalesFormLetter,validate
InstanceClassMethod,PurchLineType,validateField
InstanceClassMethod,PurchLineType,initFromPurchTable
InstanceClassMethod,ProjValCheckTrans,checkBuffer
InstanceClassMethod,ProjTableType,initFromParent
InstanceClassMethod,LedgerJournalTransUpdateVend,checkSettleVoucher
InstanceClassMethod,LedgerJournalEngine,initFromVendTable
InstanceClassMethod,InventUpd_Financial,updateNow
InstanceClassMethod,InventUpd_DeleteMovement,updateNow
InstanceClassMethod,InventTransferUpd,createInventTransferJour
InstanceClassMethod,CustVendOutPaym,callPrinterSettings
InstanceClassMethod,CustAccountStatementExtController,runPrintMgmt
InstanceClassMethod,SRSPrintDestinationSettings,classDeclaration
InstanceClassMethod,PurchPurchaseOrderDP,setPurchPurchaseOrderDetails
InstanceClassMethod,PurchPurchaseOrderDP,classDeclaration
InstanceClassMethod,ProjInvoiceProposalInsertLines,setProjProposalJour
InstanceClassMethod,ProjInvoiceProposalInsertLines,run
InstanceClassMethod,InventUpdate,updateDimReservePhysical
InstanceClassMethod,InventUpdate,updateDimReserveChange
InstanceClassMethod,HcmActionCompletionManager,classDeclaration
InstanceClassMethod,DOCommerceItemGroup_LineDiscItem,classDeclaration
InstanceClassMethod,WMSJournalCheckPostReception,postTrans
InstanceClassMethod,SrsReportProviderQueryBuilder,getQuery
InstanceClassMethod,SrsReportProviderQueryBuilder,classDeclaration
InstanceClassMethod,PurchPurchOrderJournalCreate,initJournalHeader
InstanceClassMethod,ProjPost,postCost
InstanceClassMethod,ProjJournalCheckPost,checkJournal
InstanceClassMethod,LedgerJournalCheckPost,checkJournal
InstanceClassMethod,LedgerBalanceSheetDimPrint,run
InstanceClassMethod,HcmPositionTransition,updateHcmPositionWorkerAssignment
InstanceClassMethod,DOCommerceItemGroup_MultiLineDiscItem,classDeclaration
InstanceClassMethod,CustVendCheque,slipTxtLines
InstanceClassMethod,CustAccountStatementExtContract,classDeclaration
InstanceClassMethod,ProjProjectHourJournal_ProjJourTrans,classDeclaration
InstanceClassMethod,PrintMgmtDocType,getQueryTableId
InstanceClassMethod,LedgerBalanceSheetDimPrint,classDeclaration
InstanceClassMethod,FormletterService,run
InstanceClassMethod,AxPurchLine,setTableFields
InstanceClassMethod,SalesPackingSlipJournalPrint,classDeclaration
InstanceClassMethod,PurchFormLetter,prePromptInit
InstanceClassMethod,PrintMgmtNode_VendTable,getDocumentTypes
InstanceClassMethod,PrintMgmtNode_Purch,getDocumentTypes
InstanceClassMethod,InventUpd_Registered,updateRegisterInventTrans
InstanceClassMethod,InventUpd_Picked,updatePickMore
InstanceClassMethod,InventTransferUpd,run
InstanceClassMethod,CustOutPaym_Cheque,callPrinterSettings
InstanceClassMethod,SrsReportRunController,runReport
InstanceClassMethod,SrsReportProviderQueryBuilder,initialize
InstanceClassMethod,SalesFormLetter,classDeclaration
InstanceClassMethod,PurchTableListPageInteraction,initializeQuery
InstanceClassMethod,PurchAutoCreate_PurchReq,setPurchTable
InstanceClassMethod,PurchAutoCreate_PurchReq,createPurchLine
InstanceClassMethod,PrintMgmtDocType,getDefaultReportFormat
InstanceClassMethod,NumberSeqModuleProject,loadModule
InstanceClassMethod,InventUpdate,initInventTransToReceiveList
InstanceClassMethod,InventUpdate,classDeclaration
InstanceClassMethod,FreeTextInvoiceDP,insertIntoFreeTextInvoiceTmp
InstanceClassMethod,CustVendCheque,initTmpChequePrintout
InstanceClassMethod,AxPurchReqLine,setTableFields
InstanceClassMethod,SalesInvoiceJournalPrint,classDeclaration
InstanceClassMethod,PurchAutoCreate_PurchReq,classDeclaration
InstanceClassMethod,ProjValCheckTrans,setVariablesFromBuffer
InstanceClassMethod,LedgerJournalCheckPost,run
InstanceClassMethod,InventTransferUpdShip,updateInventTransferLine
InstanceClassMethod,CustVendCheque,classDeclaration
InstanceClassMethod,SrsPrintMgmtController,runReport
InstanceClassMethod,SRSPrintDestinationSettings,new
InstanceClassMethod,PurchInvoiceJournalPost,endPost
InstanceClassMethod,PurchFormLetter_PackingSlip,validate
InstanceClassMethod,ProdProjEInvoice_ProjInvoiceJour,classDeclaration
InstanceClassMethod,PrintMgmtSetupUISettingsCtl,editPrinterSettings
InstanceClassMethod,InventUpd_Picked,updatePickInventTrans
InstanceClassMethod,InventUpd_Physical,updatePhysicalIssue
InstanceClassMethod,CustVendCheque,output
InstanceClassMethod,CustAccountStatementExtUIBuilder,classDeclaration
Map,PurchLineMap,PurchLine
Map,PurchLineMap,PurchLineHistory
Map,JournalTableMap,ProjJournalTable
Map,PurchReqLineMap,PurchReqLine
Map,PurchReqLineMap,PurchLine
Menu,,InventoryAndWarehouseManagement
Menu,,SystemAdministration
Menu,,ProjectManagementAndAccounting
Menu,,HRM
Query,,PurchLineAllVersions
Query,,ProjUnpostedTransUnion
SecurityPrivilege,,ProjInvoiceProposalView
SecurityPrivilege,,ProjInvoiceProposalEdit
SecurityPrivilege,,ProjInvoiceProposalMaintain
SecurityPrivilege,,ProjTableView
SecurityProcessCycle,,HcmHCM
SecurityRole,,HcmPayrollManager
SecurityRole,,HcmPayrollAdministrator
SecurityRole,,HcmHumanResourceManager
SecurityRole,,HcmManager
SharedProject,,RAssetDepreciationBonusRecovery
SharedProject,,BR_FiscalDocument
SharedProject,,BR_AbsorptionCost
SharedProject,,BR_FiscalDocumentType
SharedProject,,HU_SalesTaxExchangeRate
SharedProject,,BR_InterestAndFine
SharedProject,,BR_BankModule
SharedProject,,MX_DIOTReports
SharedProject,,BR_EFDocument
SharedProject,,BR_BasicParameters
SharedProject,,BR_SalesPosting
SharedProject,,BR_FixedAsset
SharedProject,,BR_DirectImport
SharedProject,,CN_TaxIntegrationEnhancement
SharedProject,,BR_Retail
SharedProject,,BR_HolidayCalendar
SSRSReport,,PurchPurchaseOrder
SSRSReport,,SalesInvoice
SSRSReport,,SalesPackingSlip
SSRSReport,,CustAccountStatementInt
SSRSReport,,LedgerTransPerJournal
StaticClassMethod,SubledgerJournalizerProjectExtension,createProjectActualHeader
StaticClassMethod,SalesFormLetter,callPrinterSettingsFormletter
StaticClassMethod,SalesQuotationEditLinesForm,callPrinterSettingsFormletter
StaticClassMethod,CustPostInvoiceJob,callPrinterSettingsFreeText
StaticClassMethod,PurchRFQFormLetter,callPrintersettingsFormletter
StaticClassMethod,HcmPositionTransition,transferWorkerToNewPosition
StaticClassMethod,PurchFormLetter,mainOnServer
StaticClassMethod,PurchFormLetter,main
StaticClassMethod,SalesPackingSlipJournalPrint,newFromFormletterContract
StaticClassMethod,PurchFormLetter,callPrintersettingsFormletter
StaticClassMethod,FormLetterReport,construct
StaticClassMethod,SalesInvoiceJournalPrint,newFromFormletterContract
StaticClassMethod,ProjFormLetter,callPrinterSettingsFormLetter
StaticClassMethod,InventTransWMS_Register,updateInventFromMovementServer
StaticClassMethod,FormletterJournalPrint,newPurchJournalPrint
Table,,ProjTable
Table,,HcmWorker
TableFieldGroup,ProjEmplTrans,Identification
TableIndex,ProjPosting,ProjCodeIdx
TableInstanceMethod,ProjTable,validateWrite
TableInstanceMethod,ProjJournalTrans,validateField
TableInstanceMethod,LedgerJournalTrans,delete
TableInstanceMethod,InventTransferLine,initFromInventTable
TableInstanceMethod,PurchPurchaseOrderHeader,initFromVendPurchOrderJour
TableInstanceMethod,InventTrans,update
TableInstanceMethod,VendInvoiceInfoTable,copyFromHeader
TableInstanceMethod,ProjForecastEmpl,insert
TableInstanceMethod,InventTransferJourLine,insert
TableInstanceMethod,ProjParameters,initValue
TableInstanceMethod,InventTransferTable,initValue
TableInstanceMethod,AssetTable,validateWrite
TableInstanceMethod,VendInvoiceTrans,insert
TableInstanceMethod,PurchLine,validateWrite_Server
TableInstanceMethod,ProjJournalTrans,setHourPrices
TableInstanceMethod,InventTransferLine,modifiedField
TableInstanceMethod,WorkCalendarDate,update
TableInstanceMethod,ProjTable,update
TableInstanceMethod,LedgerJournalTrans,checkZeroAmount
TableInstanceMethod,InventTransferLine,validateField
TableInstanceMethod,PurchTable,updateFromPurchReqLineMap
TableInstanceMethod,PurchReqLine,allowFieldEdit
TableInstanceMethod,InventTransferLine,initFromInventTransferTable
TableInstanceMethod,PurchLine,modifiedField
TableInstanceMethod,ProjJournalTrans,modifiedField
TableInstanceMethod,InventQualityOrderTable,validateWrite
TableStaticMethod,ProjItemTrans,initTransFromInventUpd_Financial
TableStaticMethod,ProjPosting,findprojPosting
TableStaticMethod,InventTransferParmLine,createShipLines
TableStaticMethod,ProjPosting,find
TableStaticMethod,VendInvoiceInfoTable,getActiveList
TableStaticMethod,ProjPosting,getLedgerDimension
TableStaticMethod,ProjCostTrans,initTransFromJournal
TableStaticMethod,PrintMgmtReportFormat,populate
